{"count":1,"self":3376.1916928,"total":7842.9886877,"children":{"InitializeActuators":{"count":1,"self":0.0040089999999999995,"total":0.0040089999999999995,"children":null},"InitializeSensors":{"count":1,"self":0.0019982999999999997,"total":0.0019982999999999997,"children":null},"AgentSendState":{"count":5000084,"self":47.448294399999995,"total":85.5566624,"children":{"CollectObservations":{"count":500009,"self":5.0238396,"total":5.0238396,"children":null},"WriteActionMask":{"count":500009,"self":2.4493332,"total":2.4493332,"children":null},"RequestDecision":{"count":500009,"self":8.6082928,"total":30.635195999999997,"children":{"AgentInfo.ToProto":{"count":500009,"self":8.4876496,"total":22.026902999999997,"children":{"GenerateSensorData":{"count":500009,"self":13.539254399999999,"total":13.539253599999999,"children":null}}}}}}},"DecideAction":{"count":5000084,"self":4323.6954111999994,"total":4323.6952835,"children":null},"AgentAct":{"count":5000084,"self":54.21904,"total":54.2691617,"children":{"AgentInfo.ToProto":{"count":815,"self":0.0184589,"total":0.0501191,"children":{"GenerateSensorData":{"count":815,"self":0.0316602,"total":0.0316602,"children":null}}}}},"AgentInfo.ToProto":{"count":68602,"self":1.4759801,"total":3.2698362,"children":{"GenerateSensorData":{"count":68602,"self":1.793856,"total":1.7938561,"children":null}}}},"gauges":{"RollerBall.CumulativeReward":{"count":69417,"max":2,"min":0,"runningAverage":0.990950048,"value":1,"weightedAverage":1.00104308}},"metadata":{"timer_format_version":"0.1.0","start_time_seconds":"1704398905","unity_version":"2022.3.11f1","command_line_arguments":"C:\\Program Files\\Unity\\Hub\\Editor\\2022.3.11f1\\Editor\\Unity.exe -projectpath C:\\Users\\Juan Antonio\\Desktop\\UOC\\IA\\pec3\\Pec3_Actividad1 -useHub -hubIPC -cloudEnvironment production","communication_protocol_version":"1.5.0","com.unity.ml-agents_version":"3.0.0-exp.1","scene_name":"MainScene","end_time_seconds":"1704406748"}}